2023-07-24 00:00:00,14,13,94,0.3,,30,11,13,1004,,7
2023-07-24 01:00:00,14,13,94,0.9,,20,15,14.8,1004,,8
2023-07-24 02:00:00,14,13,94,0.6,,20,17,16.7,1004,,8
2023-07-24 03:00:00,13,12.1,94,0.4,,30,15,20.4,1003,,8
2023-07-24 04:00:00,13,12.1,94,0.1,,20,19,24.1,1004,,8
2023-07-24 05:00:00,12,12,100,0,,20,19,22.2,1004,,8
2023-07-24 06:00:00,12,11.1,94,0,,10,17,22.2,1005,,8
2023-07-24 07:00:00,12,11.1,94,0.4,,10,15,24.1,1005,,8
2023-07-24 08:00:00,12,12,100,1.8,,10,17,25.9,1006,,7
2023-07-24 09:00:00,13,12.1,94,1,,360,15,25.9,1006,,7
2023-07-24 10:00:00,13,12.1,94,0,,360,19,25.9,1007,,7
2023-07-24 11:00:00,14,12,88,0.2,,30,17,25.9,1007,,7
2023-07-24 12:00:00,15,11,77,0.2,,360,13,24.1,1008,,4
2023-07-24 13:00:00,16,11,72,0,,360,15,24.1,1008,,3
2023-07-24 14:00:00,17,11.1,68,0,,340,19,24.1,1008,,3
2023-07-24 15:00:00,17,11.1,68,0,,340,17,22.2,1008,,3
2023-07-24 16:00:00,18,9.1,56,0,,330,19,20.4,1008,,3
2023-07-24 17:00:00,17,9.9,63,0,,330,19,18.5,1008,,3
2023-07-24 18:00:00,18,10.1,60,0,,330,15,18.5,1008,,3
2023-07-24 19:00:00,17,9.9,63,0,,340,20,16.7,1008,,3
2023-07-24 20:00:00,16,10.1,68,0,,340,15,16.7,1009,,3
2023-07-24 21:00:00,14,9,72,0,,330,15,14.8,1009,,3
2023-07-24 22:00:00,13,8.1,72,0,,320,11,13,1010,,3
2023-07-24 23:00:00,13,8.1,72,0,,310,9,11.1,1010,,3
2023-07-25 00:00:00,12,8.1,77,0,,300,11,11.1,1010,,3
2023-07-25 01:00:00,12,9,82,0,,320,9,11.1,1010,,3
2023-07-25 02:00:00,11,9.1,88,0,,320,7,11.1,1010,,3
2023-07-25 03:00:00,11,9.1,88,0,,310,9,13,1010,,3
2023-07-25 04:00:00,10,7.9,87,0,,300,11,13,1010,,3
2023-07-25 05:00:00,9,8.1,94,0,,290,7,13,1010,,2
2023-07-25 06:00:00,12,9,82,0,,320,7,13,1010,,3
2023-07-25 07:00:00,12,9,82,0,,300,7,13,1010,,2
2023-07-25 08:00:00,14,9,72,0,,290,11,14.8,1010,,2
2023-07-25 09:00:00,15,8,63,0,,290,11,16.7,1010,,2
2023-07-25 10:00:00,15,8,63,0,,300,15,18.5,1010,,2
2023-07-25 11:00:00,15,8,63,0,,310,15,18.5,1011,,2
2023-07-25 12:00:00,17,8.9,59,0.1,,300,11,18.5,1011,,3
2023-07-25 13:00:00,18,8,52,0,,320,17,20.4,1011,,3
2023-07-25 14:00:00,17,7.9,55,0.2,,320,20,20.4,1011,,3
2023-07-25 15:00:00,16,7,55,0.4,,310,22,20.4,1011,,3
2023-07-25 16:00:00,17,8.9,59,0.4,,320,19,20.4,1011,,3
2023-07-25 17:00:00,17,8.9,59,0,,320,15,20.4,1011,,3
2023-07-25 18:00:00,17,8.9,59,0.1,,280,11,20.4,1011,,3
2023-07-25 19:00:00,15,12,82,0,,290,4,18.5,1012,,3
2023-07-25 20:00:00,15,11,77,0,,270,6,16.7,1012,,3
2023-07-25 21:00:00,12,10.1,88,0,,330,7,14.8,1013,,2
2023-07-25 22:00:00,10,9.1,94,0,,280,6,13,1013,,2
2023-07-25 23:00:00,10,9.1,94,0,,280,6,13,1013,,5
2023-07-26 00:00:00,9,9,100,0,,250,6,13,1013,,5
2023-07-26 01:00:00,10,9.1,94,0,,260,9,13,1013,,2
2023-07-26 02:00:00,10,9.1,94,0,,280,7,13,1013,,2
2023-07-26 03:00:00,10,9.1,94,0,,260,9,14.8,1013,,2
2023-07-26 04:00:00,10,7.9,87,0,,170,6,14.8,1012,,2
2023-07-26 05:00:00,9,8.1,94,0,,210,7,14.8,1012,,2
2023-07-26 06:00:00,11,8,82,0,,220,11,14.8,1013,,2
2023-07-26 07:00:00,12,8.1,77,0,,220,6,14.8,1013,,2
2023-07-26 08:00:00,14,9,72,0,,240,11,16.7,1012,,2
2023-07-26 09:00:00,16,8,59,0,,220,11,18.5,1012,,2
2023-07-26 10:00:00,17,8.9,59,0,,220,13,20.4,1012,,2
2023-07-26 11:00:00,19,8,49,0,,220,13,22.2,1012,,2
2023-07-26 12:00:00,19,8,49,0,,190,15,24.1,1011,,2
2023-07-26 13:00:00,20,8,46,0,,210,19,25.9,1011,,18
2023-07-26 14:00:00,19,8.9,52,0,,190,20,25.9,1010,,7
2023-07-26 15:00:00,18,9.1,56,0,,200,15,25.9,1010,,7
2023-07-26 16:00:00,16,11,72,0.2,,180,13,25.9,1010,,7
2023-07-26 17:00:00,15,13,88,0.8,,170,9,25.9,1009,,8
2023-07-26 18:00:00,15,14,94,1.4,,160,15,24.1,1008,,8
2023-07-26 19:00:00,15,14,94,1.8,,160,17,24.1,1007,,8
2023-07-26 20:00:00,15,14,94,1.2,,160,17,24.1,1006,,9
2023-07-26 21:00:00,15,14,94,2.4,,160,15,24.1,1005,,9
2023-07-26 22:00:00,15,15,100,2.6,,170,7,25.9,1004,,9
2023-07-26 23:00:00,15,15,100,1.8,,180,9,24.1,1004,,9
2023-07-27 00:00:00,16,15,94,0.7,,190,13,25.9,1002,,8
2023-07-27 01:00:00,16,15,94,0,,200,13,25.9,1002,,8
2023-07-27 02:00:00,16,15,94,0,,200,13,25.9,1001,,7
2023-07-27 03:00:00,16,15,94,0,,220,11,25.9,1000,,7
2023-07-27 04:00:00,16,16,100,0,,210,9,25.9,1000,,4
2023-07-27 05:00:00,17,16,94,0,,210,9,24.1,1000,,4
2023-07-27 06:00:00,17,16,94,0.2,,240,9,24.1,1001,,4
2023-07-27 07:00:00,18,16,88,0,,230,13,24.1,1001,,4
2023-07-27 08:00:00,20,17,83,0,,250,13,25.9,1001,,4
2023-07-27 09:00:00,20,16,78,0,,250,17,25.9,1001,,4
2023-07-27 10:00:00,20,16,78,0,,240,17,27.8,1001,,3
2023-07-27 11:00:00,22,16.1,69,0,,250,17,27.8,1001,,3
2023-07-27 12:00:00,22,16.1,69,0,,280,17,27.8,1001,,3
2023-07-27 13:00:00,22,16.1,69,0,,260,17,27.8,1001,,3
2023-07-27 14:00:00,24,17,65,0,,280,11,27.8,1002,,3
2023-07-27 15:00:00,23,16.1,65,0,,270,13,27.8,1002,,3
2023-07-27 16:00:00,23,16.1,65,0,,280,13,27.8,1002,,3
2023-07-27 17:00:00,24,16,61,0,,280,11,24.1,1001,,3
2023-07-27 18:00:00,24,16,61,0,,300,11,24.1,1002,,3
2023-07-27 19:00:00,22,15.1,65,0,,320,15,20.4,1002,,3
2023-07-27 20:00:00,21,15.1,69,0,,300,17,18.5,1003,,3
2023-07-27 21:00:00,20,15,73,0,,310,17,16.7,1003,,3
2023-07-27 22:00:00,19,16,83,0,,330,9,14.8,1004,,3
2023-07-27 23:00:00,19,16,83,0,,340,6,14.8,1004,,3
2023-07-28 00:00:00,19,15.1,78,0,,250,7,14.8,1004,,3
2023-07-28 01:00:00,18,16,88,0,,240,7,14.8,1004,,3
2023-07-28 02:00:00,17,15,88,0,,250,9,14.8,1004,,3
2023-07-28 03:00:00,17,15,88,0,,240,7,14.8,1004,,3
2023-07-28 04:00:00,17,15,88,0,,230,9,14.8,1004,,4
2023-07-28 05:00:00,16,15,94,0,,220,9,14.8,1004,,4
2023-07-28 06:00:00,17,14.1,83,0,,250,6,14.8,1005,,3
2023-07-28 07:00:00,17,14.1,83,0,,220,7,16.7,1005,,3
2023-07-28 08:00:00,17,14.1,83,0,,230,11,18.5,1005,,3
2023-07-28 09:00:00,17,14.1,83,0.2,,230,7,20.4,1005,,3
2023-07-28 10:00:00,17,14.1,83,0,,240,9,22.2,1005,,3
2023-07-28 11:00:00,18,13.1,73,0,,240,9,25.9,1005,,3
2023-07-28 12:00:00,20,13,64,0,,260,15,25.9,1005,,3
2023-07-28 13:00:00,20,13,64,0,,260,15,25.9,1005,,3
2023-07-28 14:00:00,21,13.9,64,0,,230,13,27.8,1005,,3
2023-07-28 15:00:00,22,15.1,65,0,,190,19,27.8,1004,,3
2023-07-28 16:00:00,21,15.1,69,0.1,,200,15,27.8,1004,,3
2023-07-28 17:00:00,21,13.9,64,0.1,,210,13,25.9,1004,,3
2023-07-28 18:00:00,21,11.9,56,0.1,,250,15,25.9,1004,,3
2023-07-28 19:00:00,20,13,64,0,,240,11,24.1,1004,,3
2023-07-28 20:00:00,19,13,68,0,,240,9,22.2,1004,,3
2023-07-28 21:00:00,18,14.1,78,0,,230,11,22.2,1004,,3
2023-07-28 22:00:00,17,14.1,83,0,,190,9,20.4,1004,,3
2023-07-28 23:00:00,16,14,88,0,,190,9,20.4,1004,,4
2023-07-29 00:00:00,16,14,88,0,,200,9,18.5,1004,,4
2023-07-29 01:00:00,16,12.9,82,0,,210,7,18.5,1004,,4
2023-07-29 02:00:00,15,13,88,0,,200,7,18.5,1004,,4
2023-07-29 03:00:00,15,13,88,0.2,,210,7,18.5,1004,,4
2023-07-29 04:00:00,15,13,88,0,,210,9,18.5,1003,,4
2023-07-29 05:00:00,15,13,88,0,,180,7,18.5,1003,,4
2023-07-29 06:00:00,15,13,88,0,,200,9,18.5,1004,,4
2023-07-29 07:00:00,16,12.9,82,0,,200,11,20.4,1004,,3
2023-07-29 08:00:00,17,12.9,77,0,,200,15,24.1,1004,,3
2023-07-29 09:00:00,18,12,68,0,,220,17,25.9,1004,,3
2023-07-29 10:00:00,18,11.1,64,0,,240,17,27.8,1004,,3
2023-07-29 11:00:00,18,10.1,60,0,,250,15,31.5,1004,,3
2023-07-29 12:00:00,20,10.1,53,0,,240,17,31.5,1004,,3
2023-07-29 13:00:00,20,10.1,53,0,,250,17,33.3,1005,,3
2023-07-29 14:00:00,20,10.1,53,0,,270,15,35.2,1005,,3
2023-07-29 15:00:00,19,10,56,0,,240,17,35.2,1005,,3
2023-07-29 16:00:00,21,11.1,53,0,,250,19,37,1005,,3
2023-07-29 17:00:00,20,10.1,53,0,,240,20,37,1005,,3
2023-07-29 18:00:00,19,10,56,0,,230,17,37,1005,,2
2023-07-29 19:00:00,19,10,56,0,,250,17,35.2,1006,,2
2023-07-29 20:00:00,17,8.9,59,0,,240,13,33.3,1006,,2
2023-07-29 21:00:00,17,9.9,63,0,,240,17,29.6,1006,,2
2023-07-29 22:00:00,15,10,72,0,,240,13,27.8,1006,,2
2023-07-29 23:00:00,15,10,72,0,,230,13,25.9,1007,,2
2023-07-30 00:00:00,15,10,72,0,,210,11,25.9,1007,,2
2023-07-30 01:00:00,14,10,77,0,,230,15,25.9,1007,,2
2023-07-30 02:00:00,14,10,77,0,,230,15,25.9,1007,,2
2023-07-30 03:00:00,14,11,82,0,,240,15,25.9,1007,,2
2023-07-30 04:00:00,14,11,82,0,,230,11,25.9,1007,,3
2023-07-30 05:00:00,14,11,82,0,,230,11,25.9,1007,,2
2023-07-30 06:00:00,14,12,88,0,,230,13,25.9,1008,,3
2023-07-30 07:00:00,15,11,77,0,,260,19,27.8,1008,,2
2023-07-30 08:00:00,16,11,72,0,,250,17,29.6,1008,,2
2023-07-30 09:00:00,17,11.1,68,0,,260,19,33.3,1009,,2
2023-07-30 10:00:00,18,10.1,60,0,,250,19,35.2,1009,,3
2023-07-30 11:00:00,18,10.1,60,0,,220,17,35.2,1009,,3
2023-07-30 12:00:00,18,9.1,56,0,,250,15,37,1009,,3
2023-07-30 13:00:00,17,11.1,68,0,,240,13,35.2,1009,,18
2023-07-30 14:00:00,17,14.1,83,0,,240,15,33.3,1009,,7
2023-07-30 15:00:00,16,14,88,0,,230,15,31.5,1009,,7
2023-07-30 16:00:00,16,14,88,0.5,,250,13,31.5,1009,,7
2023-07-30 17:00:00,16,14,88,0.5,,220,9,29.6,1009,,7
2023-07-30 18:00:00,16,15,94,0.5,,220,11,31.5,1008,,7
2023-07-30 19:00:00,17,15,88,1.3,,230,15,31.5,1008,,7
2023-07-30 20:00:00,17,15,88,0.5,,190,9,29.6,1008,,7
2023-07-30 21:00:00,16,15,94,0.2,,190,9,29.6,1008,,7
2023-07-30 22:00:00,16,15,94,0.3,,190,13,29.6,1007,,7
2023-07-30 23:00:00,16,15,94,1,,200,17,29.6,1006,,7
2023-07-31 00:00:00,16,15,94,0,,200,17,29.6,1006,,7
2023-07-31 01:00:00,16,15,94,0,,200,15,31.5,1005,,7
2023-07-31 02:00:00,16,16,100,0.2,,210,11,29.6,1004,,4
2023-07-31 03:00:00,16,16,100,0,,220,13,29.6,1004,,4
2023-07-31 04:00:00,17,16,94,0,,220,15,27.8,1003,,4
2023-07-31 05:00:00,17,15,88,0,,240,15,25.9,1004,,4
2023-07-31 06:00:00,17,15,88,0,,250,9,25.9,1004,,4
2023-07-31 07:00:00,17,15,88,0,,230,17,25.9,1003,,4
2023-07-31 08:00:00,17,14.1,83,0,,240,15,25.9,1003,,3
2023-07-31 09:00:00,17,14.1,83,0,,250,13,27.8,1003,,3
2023-07-31 10:00:00,17,12.9,77,0,,230,13,29.6,1003,,3
2023-07-31 11:00:00,17,12.9,77,0,,240,11,29.6,1003,,3
2023-07-31 12:00:00,16,12.9,82,0,,260,13,29.6,1003,,3
2023-07-31 13:00:00,16,12.9,82,0.1,,240,15,27.8,1003,,3
2023-07-31 14:00:00,16,14,88,1.1,,230,15,29.6,1002,,3
2023-07-31 15:00:00,16,14,88,0.3,,230,13,29.6,1001,,3
2023-07-31 16:00:00,16,14,88,0.2,,210,13,29.6,1001,,3
2023-07-31 17:00:00,17,14.1,83,0,,260,17,27.8,1001,,7
2023-07-31 18:00:00,18,13.1,73,0,,250,15,27.8,1000,,7
2023-07-31 19:00:00,18,13.1,73,0.2,,240,13,25.9,1000,,7
2023-07-31 20:00:00,16,12.9,82,0,,240,11,25.9,1000,,3
2023-07-31 21:00:00,15,13,88,0,,260,15,22.2,1000,,3
2023-07-31 22:00:00,15,13,88,0,,250,11,22.2,1000,,3
2023-07-31 23:00:00,15,13,88,0,,230,9,22.2,1000,,4
2023-08-01 00:00:00,14,13,94,0,,240,11,22.2,1000,,4
2023-08-01 01:00:00,14,13,94,0,,240,9,22.2,1000,,4
2023-08-01 02:00:00,14,12,88,0,,230,7,24.1,1000,,3
2023-08-01 03:00:00,14,12,88,0,,250,7,22.2,1000,,3
2023-08-01 04:00:00,14,12,88,0,,230,9,22.2,1000,,3
2023-08-01 05:00:00,14,12,88,0,,240,7,24.1,1000,,3
2023-08-01 06:00:00,14,11,82,0,,250,11,22.2,1000,,3
2023-08-01 07:00:00,15,11,77,0,,260,15,24.1,1001,,3
2023-08-01 08:00:00,15,11,77,0,,260,17,24.1,1001,,3
2023-08-01 09:00:00,16,11,72,0,,270,17,25.9,1001,,3
2023-08-01 10:00:00,17,11.1,68,0,,270,15,25.9,1001,,3
2023-08-01 11:00:00,17,11.1,68,0,,270,15,27.8,1001,,3
2023-08-01 12:00:00,17,11.1,68,0,,270,17,27.8,1002,,3
2023-08-01 13:00:00,18,11.1,64,0,,260,17,27.8,1002,,3
2023-08-01 14:00:00,18,11.1,64,0,,270,15,27.8,1002,,3
2023-08-01 15:00:00,19,10,56,0,,270,11,27.8,1001,,3
2023-08-01 16:00:00,19,10,56,0,,270,11,25.9,1001,,3
2023-08-01 17:00:00,19,10,56,0,,270,11,24.1,1000,,3
2023-08-01 18:00:00,19,11.1,60,0,,260,6,22.2,999,,3
2023-08-01 19:00:00,19,11.1,60,0,,190,4,20.4,999,,3
2023-08-01 20:00:00,18,12,68,0,,180,9,18.5,998,,3
2023-08-01 21:00:00,17,11.1,68,0,,180,9,18.5,998,,3
2023-08-01 22:00:00,16,11,72,0,,180,11,18.5,997,,3
2023-08-01 23:00:00,15,11,77,0,,160,11,16.7,996,,4
2023-08-02 00:00:00,15,11,77,0,,150,11,18.5,995,,7
2023-08-02 01:00:00,14,13,94,0,,140,17,18.5,992,,7
2023-08-02 02:00:00,14,14,100,0,,120,19,20.4,990,,7
2023-08-02 03:00:00,14,14,100,0.4,,140,17,22.2,989,,7
2023-08-02 04:00:00,14,14,100,1.1,,140,17,22.2,987,,8
2023-08-02 05:00:00,15,14,94,1.8,,150,11,18.5,986,,7
2023-08-02 06:00:00,15,15,100,0.6,,170,9,18.5,985,,7
2023-08-02 07:00:00,16,14,88,0.1,,240,15,16.7,985,,7
2023-08-02 08:00:00,16,14,88,0.2,,260,17,18.5,985,,7
2023-08-02 09:00:00,17,11.9,72,0.3,,260,15,20.4,985,,7
2023-08-02 10:00:00,17,12.9,77,0,,210,11,22.2,985,,7
2023-08-02 11:00:00,17,12.9,77,0.2,,210,15,24.1,985,,3
2023-08-02 12:00:00,18,13.1,73,0.1,,240,11,24.1,985,,18
2023-08-02 13:00:00,18,13.1,73,0.4,,220,13,22.2,985,,17
2023-08-02 14:00:00,19,13,68,0.4,,200,9,20.4,984,,18
2023-08-02 15:00:00,20,12,60,1.2,,290,6,18.5,984,,18
2023-08-02 16:00:00,20,12,60,0.2,,310,17,18.5,985,,18
2023-08-02 17:00:00,20,13.9,68,0.3,,340,19,16.7,986,,18
2023-08-02 18:00:00,19,14.1,73,0,,350,28,18.5,987,,18
2023-08-02 19:00:00,18,14.1,78,0.7,,360,22,22.2,989,,18
2023-08-02 20:00:00,16,14,88,1.2,,350,22,24.1,991,,17
2023-08-02 21:00:00,15,14,94,0,,330,19,22.2,992,,7
2023-08-02 22:00:00,15,14,94,0,,330,19,24.1,993,,7
2023-08-02 23:00:00,15,14,94,0,,320,22,24.1,995,,7
2023-08-03 00:00:00,15,13,88,0,,320,20,22.2,996,,4
2023-08-03 01:00:00,15,13,88,0,,330,19,20.4,997,,4
2023-08-03 02:00:00,14,12,88,0,,330,17,20.4,998,,4
2023-08-03 03:00:00,14,12,88,0,,320,19,20.4,999,,4
2023-08-03 04:00:00,14,12,88,0,,320,17,18.5,1000,,4
2023-08-03 05:00:00,14,12,88,0,,320,15,18.5,1001,,3
2023-08-03 06:00:00,14,12,88,0,,310,15,16.7,1002,,3
2023-08-03 07:00:00,15,11,77,0,,340,19,16.7,1003,,2
2023-08-03 08:00:00,16,11,72,0,,320,17,16.7,1004,,2
2023-08-03 09:00:00,17,11.1,68,0,,330,19,18.5,1005,,2
2023-08-03 10:00:00,18,10.1,60,0,,320,19,18.5,1005,,3
2023-08-03 11:00:00,17,11.1,68,0,,290,19,20.4,1006,,3
2023-08-03 12:00:00,17,11.1,68,0.2,,310,22,20.4,1007,,3
2023-08-03 13:00:00,18,12,68,0.2,,310,19,20.4,1007,,3
2023-08-03 14:00:00,18,13.1,73,0.1,,310,17,22.2,1008,,3
2023-08-03 15:00:00,18,13.1,73,0,,300,19,22.2,1008,,3
2023-08-03 16:00:00,18,12,68,0.2,,320,22,22.2,1009,,3
2023-08-03 17:00:00,18,12,68,0.1,,320,22,22.2,1009,,3
2023-08-03 18:00:00,18,12,68,0.2,,330,24,22.2,1010,,3
2023-08-03 19:00:00,17,11.1,68,0,,320,24,22.2,1011,,3
2023-08-03 20:00:00,17,11.1,68,0,,310,22,20.4,1011,,3
2023-08-03 21:00:00,15,11,77,0,,320,20,18.5,1013,,3
2023-08-03 22:00:00,14,11,82,0,,320,13,18.5,1013,,3
2023-08-03 23:00:00,14,11,82,0,,310,15,18.5,1014,,3
2023-08-04 00:00:00,14,12,88,0,,310,13,16.7,1014,,3
2023-08-04 01:00:00,14,12,88,0,,310,13,18.5,1014,,4
2023-08-04 02:00:00,15,12,82,0,,320,22,18.5,1015,,4
2023-08-04 03:00:00,14,12,88,0,,310,20,16.7,1015,,4
2023-08-04 04:00:00,14,12,88,0,,320,19,16.7,1015,,4
2023-08-04 05:00:00,14,11,82,0,,320,20,18.5,1016,,4
2023-08-04 06:00:00,14,11,82,0,,320,19,16.7,1016,,4
2023-08-04 07:00:00,14,11,82,0,,320,20,16.7,1017,,4
2023-08-04 08:00:00,15,11,77,0,,310,20,18.5,1017,,3
2023-08-04 09:00:00,15,11,77,0,,310,19,18.5,1018,,3
2023-08-04 10:00:00,15,11,77,0,,320,20,20.4,1018,,3
2023-08-04 11:00:00,15,11,77,0.3,,310,19,22.2,1018,,3
2023-08-04 12:00:00,16,10.1,68,0.2,,310,20,24.1,1019,,3
2023-08-04 13:00:00,17,9.9,63,0.1,,320,20,24.1,1019,,3
2023-08-04 14:00:00,17,8.9,59,0.2,,310,19,24.1,1019,,3
2023-08-04 15:00:00,18,9.1,56,0,,330,24,24.1,1019,,3
2023-08-04 16:00:00,18,9.1,56,0,,330,20,24.1,1018,,3
2023-08-04 17:00:00,18,8,52,0,,310,19,22.2,1019,,3
2023-08-04 18:00:00,17,7.9,55,0,,320,17,22.2,1018,,3
2023-08-04 19:00:00,16,7,55,0,,320,17,20.4,1018,,3
2023-08-04 20:00:00,15,7.1,59,0,,320,11,18.5,1018,,3
2023-08-04 21:00:00,15,8,63,0,,330,13,14.8,1018,,3
2023-08-04 22:00:00,14,8,67,0,,330,7,13,1017,,3
2023-08-04 23:00:00,13,10,82,0,,210,4,13,1017,,3
2023-08-05 00:00:00,13,10,82,0,,170,4,11.1,1016,,3
2023-08-05 01:00:00,12,10.1,88,0,,160,7,11.1,1015,,7
2023-08-05 02:00:00,12,10.1,88,0.1,,160,7,11.1,1014,,7
2023-08-05 03:00:00,12,10.1,88,0,,180,6,11.1,1012,,7
2023-08-05 04:00:00,12,10.1,88,0.1,,160,7,11.1,1011,,7
2023-08-05 05:00:00,12,10.1,88,0.3,,170,6,13,1011,,8
2023-08-05 06:00:00,12,10.1,88,0.5,,120,13,14.8,1008,,8
2023-08-05 07:00:00,12,10.1,88,1.4,,130,11,18.5,1008,,8
2023-08-05 08:00:00,11,10.1,94,2.3,,130,22,22.2,1007,,8
2023-08-05 09:00:00,11,10.1,94,3.5,,110,22,27.8,1005,,8
2023-08-05 10:00:00,12,11.1,94,1.5,,120,22,29.6,1003,,8
2023-08-05 11:00:00,12,11.1,94,0.8,,100,19,35.2,1003,,8
2023-08-05 12:00:00,12,12,100,1.1,,50,13,35.2,1003,,8
2023-08-05 13:00:00,13,12.1,94,1.6,,30,19,35.2,1003,,8
2023-08-05 14:00:00,13,12.1,94,1.1,,10,26,33.3,1004,,8
2023-08-05 15:00:00,13,12.1,94,1.1,,10,24,33.3,1005,,8
2023-08-05 16:00:00,13,12.1,94,0.8,,10,22,33.3,1006,,8
2023-08-05 17:00:00,13,11.1,88,0.3,,340,28,31.5,1008,,8
2023-08-05 18:00:00,13,11.1,88,0.1,,320,22,29.6,1009,,7
2023-08-05 19:00:00,13,12.1,94,0,,330,20,27.8,1010,,7
2023-08-05 20:00:00,13,11.1,88,0.2,,320,20,27.8,1011,,7
2023-08-05 21:00:00,12,11.1,94,0,,340,22,27.8,1012,,7
2023-08-05 22:00:00,12,10.1,88,0,,330,20,25.9,1013,,7
2023-08-05 23:00:00,12,10.1,88,0,,320,20,24.1,1014,,4
2023-08-06 00:00:00,11,10.1,94,0,,320,15,20.4,1014,,4
2023-08-06 01:00:00,10,9.1,94,0,,310,11,20.4,1014,,3
2023-08-06 02:00:00,10,9.1,94,0,,300,15,18.5,1015,,3
2023-08-06 03:00:00,10,9.1,94,0,,300,15,18.5,1015,,3
2023-08-06 04:00:00,11,10.1,94,0,,290,15,16.7,1015,,3
2023-08-06 05:00:00,12,10.1,88,0,,300,17,16.7,1015,,3
2023-08-06 06:00:00,12,10.1,88,0,,300,13,16.7,1015,,3
2023-08-06 07:00:00,13,11.1,88,0,,320,19,16.7,1016,,3
2023-08-06 08:00:00,14,11,82,0,,320,22,18.5,1017,,3
2023-08-06 09:00:00,14,11,82,0.1,,310,20,20.4,1017,,3
2023-08-06 10:00:00,14,11,82,0,,320,24,20.4,1017,,3
2023-08-06 11:00:00,14,12,88,0,,330,19,22.2,1018,,3
2023-08-06 12:00:00,16,10.1,68,0,,320,26,20.4,1018,,3
2023-08-06 13:00:00,15,10,72,0,,320,20,22.2,1018,,3
2023-08-06 14:00:00,17,9.9,63,0,,330,19,22.2,1018,,3
2023-08-06 15:00:00,18,10.1,60,0,,330,22,22.2,1018,,3
2023-08-06 16:00:00,17,11.1,68,0,,350,17,22.2,1018,,3
2023-08-06 17:00:00,18,9.1,56,0.1,,310,24,24.1,1018,,3
2023-08-06 18:00:00,17,7.9,55,0,,330,22,22.2,1019,,2
2023-08-06 19:00:00,17,8.9,59,0.3,,320,20,20.4,1019,,2
2023-08-06 20:00:00,15,8.9,67,0,,330,15,18.5,1019,,2
2023-08-06 21:00:00,13,9.1,77,0,,310,7,14.8,1020,,2
2023-08-06 22:00:00,12,9,82,0,,300,7,14.8,1020,,2
2023-08-06 23:00:00,11,9.1,88,0,,260,6,13,1020,,2
2023-08-07 00:00:00,10,9.1,94,0,,240,7,13,1020,,2
2023-08-07 01:00:00,9,9,100,0,,290,9,13,1020,,2
2023-08-07 02:00:00,10,9.1,94,0,,270,6,13,1020,,2
2023-08-07 03:00:00,9,8.1,94,0,,280,7,14.8,1020,,5
2023-08-07 04:00:00,12,10.1,88,0,,280,7,14.8,1020,,2
2023-08-07 05:00:00,9,9,100,0,,260,7,14.8,1020,,2
2023-08-07 06:00:00,12,10.1,88,0,,270,9,14.8,1020,,2
2023-08-07 07:00:00,14,10,77,0,,290,9,14.8,1020,,2
2023-08-07 08:00:00,15,11,77,0,,300,15,16.7,1020,,2
2023-08-07 09:00:00,16,11,72,0,,290,13,18.5,1020,,2
2023-08-07 10:00:00,17,9.9,63,0,,270,13,20.4,1020,,3
2023-08-07 11:00:00,18,9.1,56,0,,280,15,22.2,1019,,3
2023-08-07 12:00:00,18,8,52,0,,270,17,24.1,1019,,3
2023-08-07 13:00:00,19,8,49,0,,290,19,24.1,1019,,3
2023-08-07 14:00:00,19,8,49,0,,270,19,24.1,1018,,3
2023-08-07 15:00:00,19,8,49,0,,290,17,24.1,1018,,3
2023-08-07 16:00:00,19,8,49,0,,300,17,24.1,1018,,3
2023-08-07 17:00:00,19,7.1,46,0,,290,20,24.1,1018,,3
2023-08-07 18:00:00,18,7.1,49,0,,290,19,24.1,1018,,3
2023-08-07 19:00:00,17,7.1,52,0,,280,17,22.2,1017,,3
2023-08-07 20:00:00,16,7,55,0,,290,17,20.4,1017,,2
2023-08-07 21:00:00,14,7.1,63,0,,280,9,16.7,1017,,2
2023-08-07 22:00:00,14,8,67,0,,300,11,16.7,1017,,2
2023-08-07 23:00:00,14,8,67,0,,270,9,16.7,1017,,2
2023-08-08 00:00:00,12,8.1,77,0,,270,9,16.7,1017,,2
2023-08-08 01:00:00,12,8.1,77,0,,260,11,16.7,1016,,2
2023-08-08 02:00:00,12,8.1,77,0,,260,9,16.7,1016,,2
2023-08-08 03:00:00,12,9,82,0,,260,7,16.7,1015,,2
2023-08-08 04:00:00,12,9,82,0,,270,11,16.7,1015,,3
2023-08-08 05:00:00,12,10.1,88,0,,240,7,16.7,1015,,3
2023-08-08 06:00:00,12,10.1,88,0,,240,6,14.8,1015,,3
2023-08-08 07:00:00,13,10,82,0,,210,6,16.7,1015,,3
2023-08-08 08:00:00,14,11,82,0,,220,9,16.7,1015,,3
2023-08-08 09:00:00,15,11,77,0,,230,9,18.5,1015,,3
2023-08-08 10:00:00,15,12,82,0,,190,9,18.5,1014,,4
2023-08-08 11:00:00,14,12,88,0,,180,7,16.7,1015,,4
2023-08-08 12:00:00,15,12,82,0.1,,170,7,16.7,1014,,4
2023-08-08 13:00:00,14,13,94,0,,150,6,16.7,1014,,4
2023-08-08 14:00:00,15,13,88,0,,140,2,16.7,1014,,4
2023-08-08 15:00:00,15,13,88,0,,170,6,16.7,1013,,4
2023-08-08 16:00:00,16,14,88,0,,200,7,16.7,1013,,4
2023-08-08 17:00:00,16,14,88,0,,230,6,13,1013,,4
2023-08-08 18:00:00,17,12.9,77,0,,260,11,13,1013,,4
2023-08-08 19:00:00,17,12.9,77,0,,290,9,13,1013,,4
2023-08-08 20:00:00,16,11,72,0,,330,13,13,1013,,3
2023-08-08 21:00:00,16,11,72,0,,320,13,13,1014,,3
2023-08-08 22:00:00,15,8.9,67,0,,320,13,13,1014,,3
2023-08-08 23:00:00,13,9.1,77,0,,310,7,13,1015,,3
2023-08-09 00:00:00,12,8.1,77,0,,290,7,13,1015,,3
2023-08-09 01:00:00,12,9,82,0,,270,9,11.1,1015,,2
2023-08-09 02:00:00,11,8,82,0,,260,11,13,1015,,2
2023-08-09 03:00:00,9,8.1,94,0,,280,6,13,1016,,2
2023-08-09 04:00:00,8,8,100,0,,260,2,13,1016,,2
2023-08-09 05:00:00,8,8,100,0,,260,2,13,1016,,2
2023-08-09 06:00:00,12,9,82,0,,260,9,13,1016,,2
2023-08-09 07:00:00,15,10,72,0,,270,11,13,1017,,3
2023-08-09 08:00:00,16,11,72,0,,260,9,14.8,1017,,3
2023-08-09 09:00:00,18,10.1,60,0,,270,11,16.7,1018,,3
2023-08-09 10:00:00,19,10,56,0,,290,13,16.7,1018,,3
2023-08-09 11:00:00,20,12,60,0,,270,11,16.7,1018,,2
2023-08-09 12:00:00,21,12.9,60,0,,260,9,18.5,1018,,3
2023-08-09 13:00:00,21,12.9,60,0,,270,9,18.5,1018,,3
2023-08-09 14:00:00,22,14.1,61,0,,270,13,18.5,1018,,3
2023-08-09 15:00:00,22,14.1,61,0,,260,11,18.5,1018,,3
2023-08-09 16:00:00,23,14,57,0,,250,7,16.7,1018,,3
2023-08-09 17:00:00,23,15.1,61,0,,180,7,14.8,1018,,3
2023-08-09 18:00:00,23,15.1,61,0,,200,6,14.8,1018,,3
2023-08-09 19:00:00,22,16.1,69,0,,210,6,13,1018,,3
2023-08-09 20:00:00,21,16,73,0,,180,4,13,1018,,3
2023-08-09 21:00:00,21,16,73,0,,190,6,13,1019,,3
2023-08-09 22:00:00,20,16,78,0,,150,6,13,1019,,3
2023-08-09 23:00:00,19,16,83,0,,180,2,11.1,1019,,3
2023-08-10 00:00:00,18,16,88,0,,140,6,11.1,1019,,3
2023-08-10 01:00:00,17,16,94,0,,160,6,11.1,1019,,3
2023-08-10 02:00:00,16,15,94,0,,140,7,11.1,1019,,2
2023-08-10 03:00:00,16,15,94,0,,150,6,11.1,1019,,2
2023-08-10 04:00:00,15,14,94,0,,160,7,11.1,1018,,3
2023-08-10 05:00:00,15,14,94,0,,170,7,9.3,1019,,2
2023-08-10 06:00:00,16,15,94,0,,140,7,9.3,1019,,2
2023-08-10 07:00:00,18,16,88,0,,140,7,11.1,1019,,2
2023-08-10 08:00:00,19,16,83,0,,180,7,13,1019,,2
2023-08-10 09:00:00,22,15.1,65,0,,170,13,14.8,1018,,2
2023-08-10 10:00:00,23,15.1,61,0,,170,17,16.7,1018,,2
2023-08-10 11:00:00,24,15,57,0,,150,20,18.5,1018,,2
2023-08-10 12:00:00,24,14.1,54,0,,160,19,20.4,1018,,2
2023-08-10 13:00:00,25,15,54,0,,160,15,22.2,1017,,2
2023-08-10 14:00:00,26,16,54,0,,160,20,24.1,1017,,2
2023-08-10 15:00:00,26,17.1,58,0,,170,15,24.1,1017,,2
2023-08-10 16:00:00,26,17.1,58,0,,180,19,24.1,1016,,2
2023-08-10 17:00:00,25,17,61,0,,170,11,24.1,1016,,2
2023-08-10 18:00:00,25,17,61,0,,160,17,24.1,1016,,2
2023-08-10 19:00:00,24,17,65,0,,170,15,24.1,1016,,3
2023-08-10 20:00:00,23,17,69,0,,170,13,22.2,1016,,3
2023-08-10 21:00:00,22,16.9,73,0,,180,11,22.2,1016,,3
2023-08-10 22:00:00,20,16,78,0,,170,9,22.2,1016,,3
2023-08-10 23:00:00,19,16,83,0,,190,13,22.2,1016,,3
2023-08-11 00:00:00,19,16,83,0,,180,13,22.2,1016,,3
2023-08-11 01:00:00,19,16,83,0,,180,11,22.2,1016,,3
2023-08-11 02:00:00,18,16,88,0,,180,11,22.2,1016,,3
2023-08-11 03:00:00,18,16,88,0,,190,9,20.4,1015,,3
2023-08-11 04:00:00,18,17,94,0,,200,11,20.4,1015,,3
2023-08-11 05:00:00,18,17,94,0,,210,9,20.4,1015,,4
2023-08-11 06:00:00,18,16,88,0,,230,9,20.4,1016,,3
2023-08-11 07:00:00,18,16,88,0,,240,15,20.4,1016,,3
2023-08-11 08:00:00,19,15.1,78,0,,240,15,24.1,1016,,3
2023-08-11 09:00:00,20,13.9,68,0,,240,13,25.9,1017,,3
2023-08-11 10:00:00,21,12.9,60,0,,230,19,27.8,1017,,3
2023-08-11 11:00:00,21,12.9,60,0,,220,15,29.6,1016,,3
2023-08-11 12:00:00,22,12,53,0,,230,15,31.5,1016,,3
2023-08-11 13:00:00,22,12,53,0,,210,20,31.5,1016,,3
2023-08-11 14:00:00,22,11.1,50,0,,220,15,33.3,1016,,3
2023-08-11 15:00:00,23,11.1,47,0,,230,19,33.3,1016,,2
2023-08-11 16:00:00,22,10.2,47,0,,250,19,33.3,1015,,2
2023-08-11 17:00:00,23,10.1,44,0,,250,15,31.5,1015,,2
2023-08-11 18:00:00,22,10.2,47,0,,230,15,29.6,1014,,2
2023-08-11 19:00:00,21,9.9,49,0,,220,17,27.8,1014,,2
2023-08-11 20:00:00,20,11,56,0,,220,9,24.1,1014,,2
2023-08-11 21:00:00,19,11.1,60,0,,210,9,22.2,1014,,2
2023-08-11 22:00:00,19,11.1,60,0,,210,11,20.4,1014,,2
2023-08-11 23:00:00,17,11.9,72,0,,190,9,18.5,1014,,2
2023-08-12 00:00:00,17,11.1,68,0,,220,11,18.5,1014,,2
2023-08-12 01:00:00,16,12,77,0,,200,9,18.5,1014,,2
2023-08-12 02:00:00,15,13,88,0,,160,9,18.5,1013,,2
2023-08-12 03:00:00,15,13,88,0,,180,9,18.5,1013,,2
2023-08-12 04:00:00,15,13,88,0,,180,11,18.5,1012,,3
2023-08-12 05:00:00,14,12,88,0,,170,11,22.2,1012,,3
2023-08-12 06:00:00,14,13,94,0,,180,13,22.2,1012,,3
2023-08-12 07:00:00,16,12.9,82,0,,180,17,24.1,1012,,3
2023-08-12 08:00:00,17,14.1,83,0,,190,19,25.9,1011,,3
2023-08-12 09:00:00,18,14.1,78,0,,200,19,29.6,1011,,3
2023-08-12 10:00:00,19,13,68,0.1,,200,19,31.5,1011,,3
2023-08-12 11:00:00,20,13.9,68,0,,200,20,35.2,1011,,3
2023-08-12 12:00:00,20,13.9,68,0,,210,22,35.2,1011,,3
2023-08-12 13:00:00,20,15,73,0.3,,200,22,35.2,1011,,3
2023-08-12 14:00:00,21,13.9,64,0.2,,220,22,37,1011,,3
2023-08-12 15:00:00,21,12.9,60,0,,230,22,38.9,1011,,3
2023-08-12 16:00:00,19,15.1,78,0.2,,260,19,38.9,1011,,3
2023-08-12 17:00:00,20,13.9,68,0.1,,230,20,37,1011,,3
2023-08-12 18:00:00,19,13,68,0.2,,240,15,35.2,1011,,3
2023-08-12 19:00:00,17,14.1,83,0,,220,11,35.2,1011,,3
2023-08-12 20:00:00,17,14.1,83,0,,210,9,33.3,1012,,3
2023-08-12 21:00:00,17,14.1,83,0,,200,11,29.6,1012,,3
2023-08-12 22:00:00,17,12.9,77,0,,210,11,27.8,1012,,3
2023-08-12 23:00:00,16,12.9,82,0,,200,9,25.9,1012,,3
2023-08-13 00:00:00,16,12.9,82,0,,200,9,24.1,1012,,3
2023-08-13 01:00:00,16,12.9,82,0,,210,13,24.1,1012,,3
2023-08-13 02:00:00,15,14,94,0,,210,11,22.2,1012,,3
2023-08-13 03:00:00,15,14,94,0,,180,7,20.4,1012,,4
2023-08-13 04:00:00,15,14,94,0,,190,7,20.4,1012,,4
2023-08-13 05:00:00,15,14,94,0,,180,9,20.4,1011,,4
2023-08-13 06:00:00,15,14,94,0,,180,11,20.4,1011,,4
2023-08-13 07:00:00,16,14,88,0,,190,11,20.4,1012,,4
2023-08-13 08:00:00,16,14,88,0,,180,13,22.2,1012,,3
2023-08-13 09:00:00,16,14,88,0.1,,190,13,24.1,1012,,3
2023-08-13 10:00:00,16,14,88,0,,230,15,27.8,1011,,3
2023-08-13 11:00:00,18,13.1,73,0.3,,240,11,29.6,1011,,3
2023-08-13 12:00:00,18,12,68,0.2,,240,13,31.5,1011,,3
2023-08-13 13:00:00,19,10,56,0,,240,15,33.3,1012,,3
2023-08-13 14:00:00,19,11.1,60,0,,250,7,33.3,1012,,3
2023-08-13 15:00:00,18,12,68,0,,240,15,33.3,1012,,3
2023-08-13 16:00:00,19,12,64,0,,240,17,33.3,1011,,3
2023-08-13 17:00:00,19,12,64,0,,190,17,31.5,1011,,3
2023-08-13 18:00:00,19,12,64,0,,190,17,29.6,1011,,3
2023-08-13 19:00:00,18,10.1,60,0,,210,9,25.9,1011,,3
2023-08-13 20:00:00,17,11.1,68,0,,180,11,22.2,1012,,3
2023-08-13 21:00:00,17,11.1,68,0,,200,11,20.4,1012,,4
2023-08-13 22:00:00,16,12,77,0,,160,11,18.5,1011,,7
2023-08-13 23:00:00,16,12.9,82,0,,180,9,18.5,1011,,7
2023-08-14 00:00:00,16,12.9,82,1.9,,170,13,18.5,1011,,7
2023-08-14 01:00:00,15,13,88,0.7,,190,11,18.5,1010,,7
2023-08-14 02:00:00,14,13,94,0.5,,160,15,20.4,1010,,8
2023-08-14 03:00:00,15,14,94,0.4,,160,17,20.4,1009,,8
2023-08-14 04:00:00,15,14,94,0.1,,170,13,22.2,1008,,8
2023-08-14 05:00:00,15,14,94,0,,170,13,22.2,1008,,8
2023-08-14 06:00:00,15,15,100,0.1,,170,15,24.1,1008,,8
2023-08-14 07:00:00,16,15,94,0.2,,160,15,24.1,1008,,8
2023-08-14 08:00:00,16,15,94,2.1,,150,17,24.1,1008,,7
2023-08-14 09:00:00,17,16,94,1.8,,160,20,25.9,1007,,7
2023-08-14 10:00:00,17,16,94,6.9,,160,20,27.8,1007,,7
2023-08-14 11:00:00,18,16,88,0.2,,170,17,29.6,1007,,7
2023-08-14 12:00:00,18,16,88,0.1,,170,20,31.5,1006,,7
2023-08-14 13:00:00,19,16,83,0.2,,170,20,33.3,1006,,7
2023-08-14 14:00:00,20,16,78,0.4,,180,20,35.2,1006,,7
2023-08-14 15:00:00,20,15,73,0,,190,22,37,1006,,7
2023-08-14 16:00:00,20,16,78,0.1,,210,15,37,1006,,7
2023-08-14 17:00:00,20,13.9,68,0.2,,250,22,37,1007,,3
2023-08-14 18:00:00,19,13,68,0,,250,26,37,1008,,3
2023-08-14 19:00:00,18,12,68,0,,260,19,35.2,1009,,3
2023-08-14 20:00:00,17,11.1,68,0,,250,11,33.3,1010,,3
2023-08-14 21:00:00,16,11,72,0,,250,11,27.8,1010,,2
2023-08-14 22:00:00,15,11,77,0,,260,7,24.1,1011,,2
2023-08-14 23:00:00,14,11,82,0,,250,7,22.2,1011,,2
2023-08-15 00:00:00,14,11,82,0,,240,7,20.4,1011,,2
2023-08-15 01:00:00,13,11.1,88,0,,250,11,20.4,1012,,2
2023-08-15 02:00:00,13,12.1,94,0,,230,9,18.5,1012,,2
2023-08-15 03:00:00,13,12.1,94,0,,230,9,18.5,1012,,2
2023-08-15 04:00:00,12,11.1,94,0,,220,7,16.7,1012,,2
2023-08-15 05:00:00,12,11.1,94,0,,220,7,16.7,1012,,2
2023-08-15 06:00:00,13,12.1,94,0,,240,9,16.7,1013,,2
2023-08-15 07:00:00,15,13,88,0,,230,11,16.7,1014,,2
2023-08-15 08:00:00,17,12.9,77,0,,240,15,18.5,1015,,2
2023-08-15 09:00:00,18,14.1,78,0,,250,11,18.5,1015,,2
2023-08-15 10:00:00,18,13.1,73,0,,280,11,20.4,1015,,2
2023-08-15 11:00:00,20,13,64,0,,290,13,22.2,1015,,2
2023-08-15 12:00:00,21,12.9,60,0,,260,15,22.2,1015,,2
2023-08-15 13:00:00,21,11.9,56,0,,270,13,22.2,1016,,2
2023-08-15 14:00:00,21,11.9,56,0,,300,17,22.2,1016,,2
2023-08-15 15:00:00,21,11.9,56,0,,290,13,22.2,1016,,2
2023-08-15 16:00:00,22,11.1,50,0,,300,13,20.4,1016,,2
2023-08-15 17:00:00,21,11.1,53,0,,340,15,18.5,1017,,2
2023-08-15 18:00:00,22,12,53,0,,350,7,18.5,1017,,2
2023-08-15 19:00:00,20,13,64,0,,360,15,16.7,1018,,2
2023-08-15 20:00:00,18,12,68,0,,340,11,14.8,1018,,2
2023-08-15 21:00:00,17,11.9,72,0,,340,11,13,1019,,2
2023-08-15 22:00:00,16,11,72,0,,330,9,13,1019,,2
2023-08-15 23:00:00,15,11,77,0,,330,7,11.1,1020,,2
2023-08-16 00:00:00,14,12,88,0,,330,7,11.1,1020,,2
2023-08-16 01:00:00,13,12.1,94,0,,350,4,11.1,1020,,2
2023-08-16 02:00:00,12,11.1,94,0,,330,6,11.1,1020,,2
2023-08-16 03:00:00,11,11,100,0,,320,6,11.1,1020,,2
2023-08-16 04:00:00,10,9.1,94,0,,320,6,11.1,1021,,2
2023-08-16 05:00:00,9,9,100,0,,330,4,11.1,1021,,2
2023-08-16 06:00:00,10,10,100,0,,320,4,11.1,1021,,2
2023-08-16 07:00:00,14,12,88,0,,320,2,9.3,1021,,2
2023-08-16 08:00:00,15,13,88,0,,20,4,9.3,1022,,2
2023-08-16 09:00:00,18,13.1,73,0,,20,11,11.1,1022,,2
2023-08-16 10:00:00,19,12,64,0,,60,9,11.1,1022,,2
2023-08-16 11:00:00,20,12,60,0,,20,6,13,1022,,2
2023-08-16 12:00:00,21,11.9,56,0,,350,9,13,1022,,2
2023-08-16 13:00:00,22,11.1,50,0,,10,6,13,1022,,2
2023-08-16 14:00:00,21,11.1,53,0,,360,7,13,1021,,2
2023-08-16 15:00:00,22,10.2,47,0,,310,7,14.8,1021,,2
2023-08-16 16:00:00,23,11.1,47,0,,340,13,14.8,1021,,2
2023-08-16 17:00:00,23,9,41,0,,350,9,16.7,1021,,2
2023-08-16 18:00:00,22,10.2,47,0,,40,11,14.8,1021,,2
2023-08-16 19:00:00,21,9.9,49,0,,30,11,14.8,1021,,2
2023-08-16 20:00:00,19,10,56,0,,10,9,16.7,1021,,2
2023-08-16 21:00:00,19,11.1,60,0,,50,7,14.8,1021,,2
2023-08-16 22:00:00,18,12,68,0,,50,9,16.7,1021,,2
2023-08-16 23:00:00,18,14.1,78,0,,90,11,18.5,1022,,2
2023-08-17 00:00:00,18,14.1,78,0,,100,11,16.7,1022,,2
2023-08-17 01:00:00,17,12.9,77,0,,110,11,16.7,1021,,2
2023-08-17 02:00:00,17,11.9,72,0,,110,11,16.7,1021,,2
2023-08-17 03:00:00,17,12.9,77,0,,120,7,16.7,1021,,2
2023-08-17 04:00:00,16,12.9,82,0,,90,11,16.7,1021,,2
2023-08-17 05:00:00,16,12.9,82,0,,100,13,18.5,1021,,2
2023-08-17 06:00:00,16,12.9,82,0,,90,15,18.5,1021,,2
2023-08-17 07:00:00,16,14,88,0,,110,19,20.4,1021,,2
2023-08-17 08:00:00,16,14,88,0,,100,17,22.2,1022,,2
2023-08-17 09:00:00,18,14.1,78,0,,100,19,25.9,1021,,2
2023-08-17 10:00:00,20,13.9,68,0,,80,19,27.8,1021,,2
2023-08-17 11:00:00,21,13.9,64,0.1,,90,20,31.5,1021,,2
2023-08-17 12:00:00,21,13.9,64,0,,80,20,31.5,1021,,2
2023-08-17 13:00:00,22,13.1,57,0,,90,20,33.3,1020,,2
2023-08-17 14:00:00,23,12,50,0,,90,24,33.3,1019,,2
2023-08-17 15:00:00,23,12,50,0,,90,20,33.3,1019,,2
2023-08-17 16:00:00,23,12,50,0,,100,24,33.3,1019,,2
2023-08-17 17:00:00,23,12,50,0,,90,22,35.2,1018,,2
2023-08-17 18:00:00,21,12.9,60,0,,80,24,35.2,1018,,2
2023-08-17 19:00:00,20,13,64,0,,70,20,33.3,1018,,2
2023-08-17 20:00:00,19,13,68,0,,80,22,33.3,1018,,2
2023-08-17 21:00:00,17,12.9,77,0,,80,17,31.5,1019,,2
2023-08-17 22:00:00,16,12.9,82,0,,100,17,31.5,1019,,2
2023-08-17 23:00:00,16,12,77,0,,90,17,31.5,1018,,3
2023-08-18 00:00:00,16,12,77,0,,90,19,29.6,1018,,3
2023-08-18 01:00:00,15,12,82,0,,90,19,29.6,1018,,3
2023-08-18 02:00:00,15,13,88,0,,90,17,27.8,1017,,3
2023-08-18 03:00:00,16,12.9,82,0,,90,17,27.8,1017,,3
2023-08-18 04:00:00,16,12.9,82,0,,80,13,25.9,1016,,4
2023-08-18 05:00:00,16,14,88,0,,60,15,27.8,1016,,4
2023-08-18 06:00:00,16,14,88,0,,80,17,25.9,1015,,7
2023-08-18 07:00:00,17,15,88,0,,90,15,25.9,1015,,7
2023-08-18 08:00:00,17,15,88,0,,100,13,25.9,1016,,8
2023-08-18 09:00:00,17,16,94,0.5,,90,13,27.8,1016,,8
2023-08-18 10:00:00,18,17,94,0.8,,100,19,27.8,1015,,8
2023-08-18 11:00:00,18,17,94,0,,100,19,33.3,1014,,7
2023-08-18 12:00:00,19,17,88,0.1,,90,19,33.3,1013,,7
2023-08-18 13:00:00,20,17,83,0.6,,110,24,35.2,1013,,7
2023-08-18 14:00:00,20,17,83,0.4,,110,20,35.2,1012,,7
2023-08-18 15:00:00,21,17,78,1.4,,110,22,35.2,1011,,7
2023-08-18 16:00:00,21,16,73,0,,110,24,35.2,1011,,7
2023-08-18 17:00:00,22,16.9,73,0,,100,19,33.3,1010,,7
2023-08-18 18:00:00,22,16.1,69,0,,110,17,31.5,1009,,7
2023-08-18 19:00:00,21,17,78,0,,120,17,31.5,1009,,7
2023-08-18 20:00:00,20,17,83,0.2,,120,15,29.6,1009,,8
2023-08-18 21:00:00,19,17,88,0.3,,120,24,29.6,1008,,8
2023-08-18 22:00:00,19,17,88,0.8,,130,22,29.6,1007,,8
2023-08-18 23:00:00,18,17,94,0,,130,20,27.8,1007,,8
2023-08-19 00:00:00,19,18,94,1.5,,130,22,27.8,1006,,7
2023-08-19 01:00:00,19,18,94,1.2,,170,19,25.9,1006,,7
2023-08-19 02:00:00,19,17,88,0,,170,15,24.1,1006,,7
2023-08-19 03:00:00,18,15.1,83,0,,180,13,22.2,1006,,7
2023-08-19 04:00:00,17,14.1,83,0,,190,13,22.2,1007,,4
2023-08-19 05:00:00,17,14.1,83,0,,170,15,22.2,1007,,4
2023-08-19 06:00:00,17,14.1,83,0,,190,13,24.1,1007,,3
2023-08-19 07:00:00,17,14.1,83,0,,200,15,24.1,1008,,3
2023-08-19 08:00:00,18,14.1,78,0,,200,17,27.8,1009,,2
2023-08-19 09:00:00,19,14.1,73,0,,210,17,31.5,1010,,2
2023-08-19 10:00:00,20,13.9,68,0,,200,19,33.3,1011,,2
2023-08-19 11:00:00,20,13.9,68,0,,210,22,37,1012,,3
2023-08-19 12:00:00,21,13.9,64,0,,200,19,37,1012,,3
2023-08-19 13:00:00,21,15.1,69,0,,220,19,37,1013,,3
2023-08-19 14:00:00,22,15.1,65,0.2,,220,13,38.9,1013,,3
2023-08-19 15:00:00,22,12,53,0,,240,19,38.9,1014,,2
2023-08-19 16:00:00,22,13.1,57,0,,230,20,37,1014,,2
2023-08-19 17:00:00,22,12,53,0,,240,19,35.2,1014,,2
2023-08-19 18:00:00,21,11.9,56,0,,220,19,33.3,1015,,2
2023-08-19 19:00:00,20,11,56,0,,230,11,31.5,1016,,2
2023-08-19 20:00:00,19,11.1,60,0,,150,6,27.8,1017,,2
2023-08-19 21:00:00,17,11.1,68,0,,210,6,24.1,1017,,2
2023-08-19 22:00:00,17,11.9,72,0,,170,7,20.4,1017,,2
2023-08-19 23:00:00,17,12.9,77,0,,180,11,20.4,1018,,2
2023-08-20 00:00:00,17,11.9,72,0,,190,11,18.5,1018,,2
2023-08-20 01:00:00,17,12.9,77,0,,190,9,18.5,1018,,2
2023-08-20 02:00:00,16,12.9,82,0,,190,9,16.7,1018,,2
2023-08-20 03:00:00,15,14,94,0,,190,11,16.7,1019,,2
2023-08-20 04:00:00,16,14,88,0,,210,6,16.7,1019,,2
2023-08-20 05:00:00,16,14,88,0,,180,9,16.7,1019,,2
2023-08-20 06:00:00,15,14,94,0,,190,7,14.8,1020,,3
2023-08-20 07:00:00,16,14,88,0,,200,11,14.8,1021,,3
2023-08-20 08:00:00,16,14,88,0,,190,9,16.7,1021,,3
2023-08-20 09:00:00,18,14.1,78,0,,210,13,20.4,1021,,3
2023-08-20 10:00:00,19,14.1,73,0,,230,13,22.2,1021,,3
2023-08-20 11:00:00,20,13,64,0,,210,17,24.1,1021,,3
2023-08-20 12:00:00,20,13,64,0,,210,13,25.9,1021,,3
2023-08-20 13:00:00,22,13.1,57,0.1,,210,17,25.9,1021,,3
2023-08-20 14:00:00,22,13.1,57,0,,210,15,27.8,1021,,2
2023-08-20 15:00:00,22,12,53,0,,240,17,27.8,1020,,2
2023-08-20 16:00:00,22,14.1,61,0,,190,15,27.8,1020,,2
2023-08-20 17:00:00,22,14.1,61,0,,180,15,25.9,1020,,2
2023-08-20 18:00:00,21,13.9,64,0,,190,15,24.1,1021,,2
2023-08-20 19:00:00,20,13.9,68,0,,200,9,22.2,1021,,2
2023-08-20 20:00:00,19,14.1,73,0,,180,7,20.4,1022,,2
2023-08-20 21:00:00,18,14.1,78,0,,190,7,18.5,1022,,2
2023-08-20 22:00:00,17,11.9,72,0,,220,7,16.7,1022,,2
2023-08-20 23:00:00,16,11,72,0,,190,6,14.8,1022,,2